Tên sản phẩm*,Hình thức quản lý sản phẩm,Mã loại sản phẩm,Mã SKU*,Barcode,Áp dụng thuế,PL_Giá nhập,PL_Giá bán buôn,PL_Giá sỉ Đặc Biệt,PL_Giá bán lẻ,PL_Giá sỉ 1,PL_Giá sỉ 2,Đơn vị,LC_CN1_Giá vốn khởi tạo*,LC_CN1_Tồn kho ban đầu*,LC_CN2_Giá vốn khởi tạo*,LC_CN2_Tồn kho ban đầu*,LC_CN3_Giá vốn khởi tạo*,LC_CN3_Tồn kho ban đầu*,LC_CN4_Giá vốn khởi tạo*,LC_CN4_Tồn kho ban đầu*,LC_CN5_Giá vốn khởi tạo*,LC_CN5_Tồn kho ban đầu*
Nước hoa BVLGARI Roma AQVA,Sản phẩm thường,KCN - Nước hoa,0783320490026,0783320490026,Có,1150,1500,1500,1750,1500,1520,chai,1150,1,1150,0,1150,0,1150,0,1150,0
Nước hoa Elizabeth Arden 50ml,Sản phẩm thường,KCN - Nước hoa,085805144890,085805144890,Có,850000,950000,950000,1050,950000,950000,chai,850000,0,850000,0,850000,0,850000,0,850000,0
Nước Hoa CK nam 100ml ( đen),Sản phẩm thường,KCN - Nước hoa,088300104406,088300104406,Có,695000,730000,730000,850000,730000,750000,chai,695000,0,695000,0,695000,0,695000,0,695000,0
CC Sugao hồng,Sản phẩm thường,KCN - Nước hoa,114346780,114346780,Có,190000,200000,200000,280000,200000,205000,tuýp,190000,2,190000,2,190000,4,190000,0,190000,0
DD Sugao vàng ,Sản phẩm thường,KCN - Nước hoa,1150809,1150809,Có,205000,215000,210000,350000,215000,215000,tuýp,205000,0,205000,2,205000,4,205000,0,205000,0
AN PERFECT UV SUNSCREEN SKINCARE MILK 60ml,Sản phẩm thường,KCN - Nước hoa,14573,14573,Có,417000,430000,430000,580000,430000,440000,Chai,417000,0,417000,0,417000,0,417000,0,417000,0
AN PERFECT UV SUNSCREEN SKINCARE MILK 20ml,Sản phẩm thường,KCN - Nước hoa,14582,14582,Có,166670,180000,180000,230000,180000,190000,Chai,166670,0,166670,0,166670,0,166670,0,166670,0
Gel chống nắng Anessa SUNSCREEN SKINCARE 90ml,Sản phẩm thường,KCN - Nước hoa,14585,14585,Có,333333,345000,345000,470000,345000,360000,Tuýp,333333,0,333333,0,333333,0,333333,0,333333,0
AN ESSENCE UV SUNSCREEN MILD MILK 60ml,Sản phẩm thường,KCN - Nước hoa,14708,14708,Có,416667,430000,430000,580000,430000,440000,Chai,416667,0,416667,0,416667,0,416667,0,416667,0
AN ESSENCE UV SUNSCREEN MILD MILK 20ml,Sản phẩm thường,KCN - Nước hoa,14709,14709,Có,167000,175000,175000,230000,175000,185000,Chai,167000,0,167000,0,167000,0,167000,0,167000,0
KCN WHITENING UV SUNSCREEN GEL 90ml,Sản phẩm thường,KCN - Nước hoa,14719,14719,Có,333000,345000,345000,470000,345000,360000,Tuýp,333000,0,333000,0,333000,0,333000,0,333000,0
Nước hoa GUCCI Guilty,Sản phẩm thường,KCN - Nước hoa,2298413566116,2298413566116,Có,1400,1700,1700,1950,1700,1700,chai,1400,0,1400,0,1400,0,1400,0,1400,0
Nước hoa Givenchy Trắng,Sản phẩm thường,KCN - Nước hoa,2298413567441,2298413567441,Có,950000,1200,1200,1400,1200,1200,chai,950000,0,950000,0,950000,0,950000,0,950000,0
Nước hoa BLV 100ml đen,Sản phẩm thường,KCN - Nước hoa,2298413567595,2298413567595,Có,1100,1250,1250,1400,1250,1250,chai,1100,0,1100,0,1100,0,1100,0,1100,0
Nước hoa Chanel Nam Poủ Homme 100ml,Sản phẩm thường,KCN - Nước hoa,2298413567755,2298413567755,Có,2600,2900,2900,3200,2900,2900,chai,2600,0,2600,0,2600,0,2600,0,2600,0
Nước hoa Chanel Oriental Fruity Allure EDT 100ml,Sản phẩm thường,KCN - Nước hoa,2298413568349,2298413568349,Có,2200,2900,2900,3250,2900,2900,chai,2200,0,2200,0,2200,0,2200,0,2200,0
Nước hoa Chanel Allure 100ml,Sản phẩm thường,KCN - Nước hoa,2298413568363,2298413568363,Có,2200,2650,2650,3200,2650,2900,chai,2200,0,2200,0,2200,0,2200,0,2200,0
Nước Hoa Chanel Platium 50ml,Sản phẩm thường,KCN - Nước hoa,2298413568424,2298413568424,Có,1550,1850,1850,2100,1850,1850,chai,1550,0,1550,0,1550,0,1550,0,1550,0
Nước Hoa Chanel Platium Egoist 100ml,Sản phẩm thường,KCN - Nước hoa,2298413568431,2298413568431,Có,2200,2700,2700,3200,2700,2750,chai,2200,0,2200,0,2200,0,2200,0,2200,0
Nước hoa Chanel hồng 100ml,Sản phẩm thường,KCN - Nước hoa,2298413568509,2298413568509,Có,2050,2650,2650,3000,2650,2800,chai,2050,0,2050,0,2050,0,2050,0,2050,0
Nước hoa Chanel Chance 100ml EDT,Sản phẩm thường,KCN - Nước hoa,2298413568523,2298413568523,Có,2300,2700,2700,3000,2700,2600,Chai,2300,0,2300,0,2300,0,2300,0,2300,0
Nước hoa Chanel Bleu,Sản phẩm thường,KCN - Nước hoa,2298413568530,2298413568530,Có,1550,2100,2100,2500,2100,2100,chai,1550,0,1550,0,1550,0,1550,0,1550,0
Nước hoa Dolce Gabbana,Sản phẩm thường,KCN - Nước hoa,2400011480439,2400011480439,Có,1450,1650,1650,1950,1650,1650,Chai,1450,0,1450,0,1450,0,1450,0,1450,0
Nước hoa Chanel Allure,Sản phẩm thường,KCN - Nước hoa,2400016022344,2400016022344,Có,1750,1850,1850,2200,1850,1850,chai,1750,0,1750,0,1750,0,1750,0,1750,0
Nước hoa BLV 100ml xanh dương,Sản phẩm thường,KCN - Nước hoa,2442534724539,2442534724539,Có,1100,1250,1250,1400,1250,1250,chai,1100,0,1100,0,1100,0,1100,0,1100,0
Nước hoa Givenchy 50ml,Sản phẩm thường,KCN - Nước hoa,2449662291919,2449662291919,Có,1050,1200,1200,1350,1200,1200,chai,1050,0,1050,0,1050,0,1050,0,1050,0
Nước hoa CK be,Sản phẩm thường,KCN - Nước hoa,2449662854961,2449662854961,Có,550000,700000,700000,800000,700000,700000,chai,550000,0,550000,0,550000,0,550000,0,550000,0
Nước hoa CK trắng,Sản phẩm thường,KCN - Nước hoa,2449662854985,2449662854985,Có,550000,700000,700000,800000,700000,700000,chai,550000,0,550000,0,550000,0,550000,0,550000,0
Nước hoa Chanel hồng,Sản phẩm thường,KCN - Nước hoa,3145291564200,3145291564200,Có,2200,2450,2450,2550,2450,23500,chai,2200,0,2200,0,2200,0,2200,0,2200,0
Nước hoa Chanel N05 100ml ,Sản phẩm thường,KCN - Nước hoa,3145891053401,3145891053401,Có,2800,3050,3050,3400,3050,3150,chai,2800,0,2800,0,2800,0,2800,0,2800,0
Nước hoa Chanel N5 50ml,Sản phẩm thường,KCN - Nước hoa,3145891054552,3145891054552,Có,1900,2100,2100,2500,2100,2200,chai,1900,0,1900,0,1900,0,1900,0,1900,0
Nước hoa Chanel N05,Sản phẩm thường,KCN - Nước hoa,3145891054675,3145891054675,Có,2200,2650,2650,3100,2650,2700,chai,2200,0,2200,0,2200,0,2200,0,2200,0
The Body Lotion Chanel No5 200ml,Sản phẩm thường,KCN - Nước hoa,3145891057409,3145891057409,Có,3200,3350,3350,3450,3350,3400,Chai,3200,0,3200,0,3200,0,3200,0,3200,0
Nước Hoa Chanel Bleu 100ml,Sản phẩm thường,KCN - Nước hoa,3145891073607,3145891073607,Có,2800,2950,2950,3500,2950,3100,Chai,2800,0,2800,0,2800,0,2800,0,2800,0
Nước hoa Chanel Bleu 150ml,Sản phẩm thường,KCN - Nước hoa,3145891073706,3145891073706,Có,3300,3450,3450,4000,3450,3500,Chai,3300,0,3300,0,3300,0,3300,0,3300,0
Nước hoa Chanel Allure 50ml,Sản phẩm thường,KCN - Nước hoa,3145891124507,3145891124507,Có,2250,2450,2450,2750,2450,2600,Chai,2250,0,2250,0,2250,0,2250,0,2250,0
Nước hoa Chanel Allure 100ml,Sản phẩm thường,KCN - Nước hoa,3145891124606,3145891124606,Có,2300,2650,2650,3500,2650,2900,chai,2300,0,2300,0,2300,0,2300,0,2300,0
Nước Hoa Chanel COCO De Parfum 60ml,Sản phẩm thường,KCN - Nước hoa,3145891134513,3145891134513,Có,2550,2650,2650,3150,2650,2750,Chai,2550,0,2550,0,2550,0,2550,0,2550,0
Nước hoa Chanel Coco 50ml,Sản phẩm thường,KCN - Nước hoa,3145891136500,3145891136500,Có,2450,2650,2650,3000,2650,2700,Chai,2450,0,2450,0,2450,0,2450,0,2450,0
Nước Hoa Chanel coco đen 100ml,Sản phẩm thường,KCN - Nước hoa,3145891136609,3145891136609,Có,3300,3550,3550,3950,3550,3700,Chai,3300,0,3300,0,3300,0,3300,0,3300,0
Nước Hoa Chanel Nam,Sản phẩm thường,KCN - Nước hoa,3145891144505,3145891144505,Có,1600,1850,1850,2200,1850,1850,chai,1600,0,1600,0,1600,0,1600,0,1600,0
Nước hoa Chanel Cristalle 100ml,Sản phẩm thường,KCN - Nước hoa,3145891154603,3145891154603,Có,2200,2600,2600,3000,2600,2650,chai,2200,0,2200,0,2200,0,2200,0,2200,0
Nước hoa Chanel Coco MadeMoiselle 50ml,Sản phẩm thường,KCN - Nước hoa,3145891163209,3145891163209,Có,1950,2200,2200,2450,2200,2250,chai,1950,0,1950,0,1950,0,1950,0,1950,0
Nước Hoa Chanel Coco MadeMoiselle 50ml,Sản phẩm thường,KCN - Nước hoa,3145891164503,3145891164503,Có,1950,2100,2100,2450,2100,2070,chai,1950,0,1950,0,1950,0,1950,0,1950,0
Nước Hoa Chanel MadeMoiselle 100ml,Sản phẩm thường,KCN - Nước hoa,3145891164602,3145891164602,Có,3700,4100,4100,4350,4100,4150,chai,3700,0,3700,0,3700,0,3700,0,3700,0
Nước hoa Chanel COCO 100ml,Sản phẩm thường,KCN - Nước hoa,3145891165203,3145891165203,Có,2600,3000,3000,3500,3000,3000,chai,2600,0,2600,0,2600,0,2600,0,2600,0
Nước Hoa Chanel Coco Made Moiselle 100ml,Sản phẩm thường,KCN - Nước hoa,3145891166606,3145891166606,Có,2800,3050,3050,3850,3050,3100,chai,2800,0,2800,0,2800,0,2800,0,2800,0
Nước hoa Chanel N019,Sản phẩm thường,KCN - Nước hoa,3145891194708,3145891194708,Có,2200,2650,2650,3150,2650,2700,chai,2200,0,2200,0,2200,0,2200,0,2200,0
Nước Hoa Chanel Gabrielle 100ml,Sản phẩm thường,KCN - Nước hoa,3145891205251,3145891205251,Có,3280,3550,3550,3950,3550,3700,Chai,3280,0,3280,0,3280,0,3280,0,3280,0
Nước hoa Chanel Platium Egoiste 50ml ,Sản phẩm thường,KCN - Nước hoa,3145891244502,3145891244502,Có,1950,2200,2150,2700,2200,2250,Chai,1950,0,1950,0,1950,1,1950,0,1950,0
Nước hoa Chanel Chance AEU Tendre 100ml,Sản phẩm thường,KCN - Nước hoa,3145891263206,3145891263206,Có,2480,2700,2700,3000,2700,2850,Chai,2480,0,2480,0,2480,0,2480,0,2480,0
Nước hoa Chanel Chane hồng 50ml ,Sản phẩm thường,KCN - Nước hoa,3145891264203,3145891264203,Có,2180,2400,2400,2750,2400,2450,Chai,2180,0,2180,0,2180,0,2180,0,2180,0
Nước hoa Chanel Chance 100ml,Sản phẩm thường,KCN - Nước hoa,3145891264609,3145891264609,Có,2650,3100,3100,3400,3100,3200,chai,2650,0,2650,0,2650,0,2650,0,2650,0
Nước Hoa Chanel chance hồng 150ml,Sản phẩm thường,KCN - Nước hoa,3145891264906,3145891264906,Có,2800,3200,3200,3650,3200,3300,Chai,2800,1,2800,0,2800,1,2800,0,2800,0
Xịt thơm cơ thể Chanel Chance Eau Fraiche 100ml,Sản phẩm thường,KCN - Nước hoa,3145891268102,3145891268102,Có,1300,1450,1450,1650,1450,1480,Chai,1300,0,1300,0,1300,0,1300,0,1300,0
Nước hoa Chanel Chance 150ml,Sản phẩm thường,KCN - Nước hoa,3145891364705,3145891364705,Có,2800,3450,3450,3650,3450,3500,Chai,2800,0,2800,3,2800,2,2800,0,2800,0
Nước Hoa Givenchy 100ml,Sản phẩm thường,KCN - Nước hoa,3274870152566,3274870152566,Có,1050,1250,1250,1500,1250,1300,chai,1050,0,1050,0,1050,2,1050,0,1050,0
0146-Nước hoa Dior Sauvage 100ml,Sản phẩm thường,KCN - Nước hoa,3348901250146,3348901250146,Có,1950,2100,2050,2650,2100,2150,chai,1950,0,1950,0,1950,0,1950,0,1950,0
Nước Hoa Paco Rabanne 80ml,Sản phẩm thường,KCN - Nước hoa,3349668528677,3349668528677,Có,2050,2400,2400,2700,2400,2450,chai,2050,0,2050,0,2050,0,2050,0,2050,0
Nước hoa Lanvin 30ml,Sản phẩm thường,KCN - Nước hoa,3386460010412,3386460010412,Có,550000,700000,700000,800000,700000,700000,chai,550000,0,550000,0,550000,0,550000,0,550000,0
8409-Nước hoa Cassandra Rose Intense 100ml,Sản phẩm thường,KCN - Nước hoa,3430750038409,3430750038409,Có,525000,600000,600000,800000,600000,620000,chai,525000,0,525000,0,525000,0,525000,0,525000,0
2949-Nước hoa Cassandra Rose Blanches 100ml,Sản phẩm thường,KCN - Nước hoa,3430750042949,3430750042949,Có,525000,600000,600000,800000,600000,610000,chai,525000,1,525000,0,525000,0,525000,0,525000,0
8597-Nước hoa Cassandra Rose Jasmin 100ml,Sản phẩm thường,KCN - Nước hoa,3430750078597,3430750078597,Có,525000,600000,600000,800000,600000,620000,chai,525000,0,525000,0,525000,0,525000,0,525000,0
4468-Nước hoa Petite Jeanne Happy 30ml,Sản phẩm thường,KCN - Nước hoa,3430750154468,3430750154468,Có,320000,380000,380000,500000,380000,400000,chai,320000,0,320000,0,320000,0,320000,0,320000,0
4482-Nước hoa Petite Jeanne Smile 30ml,Sản phẩm thường,KCN - Nước hoa,3430750154482,3430750154482,Có,320000,380000,380000,500000,380000,400000,chai,320000,1,320000,0,320000,0,320000,0,320000,0
4505-Nước hoa Petite Jeanne Dream 30ml,Sản phẩm thường,KCN - Nước hoa,3430750154505,3430750154505,Có,320000,380000,380000,500000,380000,400000,chai,320000,0,320000,0,320000,0,320000,0,320000,0
4529-Nước hoa Petite Jeanne Friend 30ml,Sản phẩm thường,KCN - Nước hoa,3430750154529,3430750154529,Có,320000,380000,380000,500000,380000,400000,chai,320000,0,320000,0,320000,0,320000,0,320000,0
4543-Nước hoa Petite Jeanne Love 30ml,Sản phẩm thường,KCN - Nước hoa,3430750154543,3430750154543,Có,320000,380000,380000,500000,380000,400000,chai,320000,0,320000,0,320000,0,320000,0,320000,0
Nước hoa CK Red Edition 100ml,Sản phẩm thường,KCN - Nước hoa,3607342771130,3607342771130,Có,800000,1000,1000,1250,1000,1050,chai,800000,0,800000,0,800000,0,800000,0,800000,0
Nước hoa CK đỏ,Sản phẩm thường,KCN - Nước hoa,3607342772885,3607342772885,Có,700000,850000,850000,1050,850000,850000,chai,700000,0,700000,0,700000,0,700000,0,700000,0
Nước hoa CK Summer xanh 3.4oz,Sản phẩm thường,KCN - Nước hoa,3607342892019,3607342892019,Có,800000,950000,950000,1150,950000,980000,chai,800000,0,800000,0,800000,0,800000,0,800000,0
Nước Hoa CK Nữ ( trắng),Sản phẩm thường,KCN - Nước hoa,3607343811835,3607343811835,Có,695000,730000,730000,850000,730000,750000,chai,695000,0,695000,0,695000,0,695000,0,695000,0
Nước Hoa Chloe' 50ml,Sản phẩm thường,KCN - Nước hoa,3607346232347,3607346232347,Có,1300,1450,1450,1800,1450,1500,chai,1300,0,1300,0,1300,0,1300,0,1300,0
9262-Kem chống nắng Hatomugi 65g SPF31,Sản phẩm thường,KCN - Nước hoa,4513574029262,4513574029262,Có,55000,60000,58000,100000,60000,65000,tuýp,55000,0,55000,0,55000,0,55000,0,55000,0
3382-Nước hoa Charms Incanto 30ml,Sản phẩm thường,KCN - Nước hoa,4517989163382,4517989163382,Có,1200,1350,1350,1650,1350,1350,Chai,1200,2,1200,2,1200,1,1200,0,1200,0
3405-Nước hoa Shine Incanto 30ml,Sản phẩm thường,KCN - Nước hoa,4517989163405,4517989163405,Có,1200,,,1650,,,Chai,1200,2,1200,0,1200,1,1200,0,1200,0
KCN BB Lab hồng có nền spf33,Sản phẩm thường,KCN - Nước hoa,4520060552005,4520060552005,Có,850000,900000,900000,1050,900000,900000,tuýp,850000,0,850000,0,850000,0,850000,0,850000,0
KCN BB Laboratories Bright Rich UV 30g,Sản phẩm thường,KCN - Nước hoa,4520060555006,4520060555006,Có,800000,840000,840000,1000,840000,850000,tuýp,800000,0,800000,0,800000,0,800000,0,800000,0
"KCN Glow Shield UV Base SPF50+, PA++++",Sản phẩm thường,KCN - Nước hoa,4520060557000,4520060557000,Có,850000,950000,950000,1100,950000,950000,hộp,850000,0,850000,0,850000,0,850000,0,850000,0
2730-Base SPF50+ bạc hà 30g Candy Doll,Sản phẩm thường,KCN - Nước hoa,4562364263096,4562364263096,Có,180000,195000,195000,300000,195000,200000,Tuýp,180000,0,180000,0,180000,0,180000,0,180000,0
Kem chống nắng DEA,Sản phẩm thường,KCN - Nước hoa,4582304860796,4582304860796,Có,185000,220000,220000,300000,220000,220000,tuýp,185000,0,185000,0,185000,0,185000,0,185000,0
Kem chống nắng Dearperfect,Sản phẩm thường,KCN - Nước hoa,4582304860802,4582304860802,Có,200000,250000,250000,300000,250000,250000,hộp,200000,0,200000,0,200000,0,200000,0,200000,0
4434-KCN Curel UV Protection Milk 60ml,Sản phẩm thường,KCN - Nước hoa,4901301274434,4901301274434,Có,200000,220000,220000,350000,220000,230000,chai,200000,0,200000,0,200000,0,200000,0,200000,0
Kem chống nắng Sofina,Sản phẩm thường,KCN - Nước hoa,4901301275585,4901301275585,Có,200000,250000,250000,400000,250000,250000,tuýp,200000,0,200000,0,200000,0,200000,0,200000,0
Kem chống nắng Nivea,Sản phẩm thường,KCN - Nước hoa,4901301276186,4901301276186,Có,230000,240000,240000,280000,240000,250000,tuýp,230000,0,230000,0,230000,0,230000,0,230000,0
3844-KCN Biore xanh Perfect Milk 40ml,Sản phẩm thường,KCN - Nước hoa,4901301303844,4901301303844,Có,110000,125000,120000,180000,125000,130000,cái,110000,6,110000,4,110000,7,110000,0,110000,0
5138-KCN Biore Bright Milk 30ml,Sản phẩm thường,KCN - Nước hoa,4901301305138,4901301305138,Có,115000,125000,120000,180000,125000,130000,Tuýp,115000,0,115000,0,115000,0,115000,0,115000,0
5152- KCN Biore Aqua Rich BB Essence SPF50+ PA++++ 33g,Sản phẩm thường,KCN - Nước hoa,4901301305152,4901301305152,Có,150000,165000,165000,230000,165000,170000,Tuýp,150000,0,150000,0,150000,1,150000,0,150000,0
Kem chống nắng Biore Aqua Rich 90ml,Sản phẩm thường,KCN - Nước hoa,4901301333186,4901301333186,Có,150000,180000,160000,200000,180000,185000,cái,150000,0,150000,0,150000,0,150000,0,150000,0
3360-KCN Biore UV Aqua Rich Watery SPF50+ 50g (da nhờn),Sản phẩm thường,KCN - Nước hoa,4901301333360,4901301333360,Có,160000,170000,170000,220000,170000,175000,Tuýp,160000,4,160000,1,160000,0,160000,0,160000,0
9248-KCN Biore Bright Up Base UV SPF 50+30g,Sản phẩm thường,KCN - Nước hoa,4901301349248,4901301349248,Có,170000,185000,185000,300000,185000,180000,Tuýp,170000,0,170000,0,170000,0,170000,0,170000,0
9262-KCN Biore Covering Base UV SPF 50+ 30g,Sản phẩm thường,KCN - Nước hoa,4901301349262,4901301349262,Có,140000,185000,185000,300000,185000,180000,Tuýp,140000,0,140000,0,140000,0,140000,0,140000,0
3183-KCN Biore UV Aqua Rich 50g,Sản phẩm thường,KCN - Nước hoa,4901301363183,4901301363183,Có,135000,155000,155000,220000,155000,160000,Tuýp,135000,14,135000,4,135000,4,135000,0,135000,0
3268-KCN Biore Watery Gel 90ml,Sản phẩm thường,KCN - Nước hoa,4901301363268,4901301363268,Có,175000,190000,185000,250000,190000,195000,chai,175000,4,175000,4,175000,5,175000,0,175000,0
3510-KCN Biore Athlizm Milk 65ml,Sản phẩm thường,KCN - Nước hoa,4901301363510,4901301363510,Có,140000,165000,160000,220000,165000,170000,Tuýp,140000,0,140000,0,140000,1,140000,0,140000,0
3749-KCN Biore UV Athlizm Essence 70g,Sản phẩm thường,KCN - Nước hoa,4901301363749,4901301363749,Có,140000,165000,160000,220000,165000,170000,Tuýp,140000,3,140000,0,140000,4,140000,0,140000,0
4029-KCN Biore Watery Gel 155ml,Sản phẩm thường,KCN - Nước hoa,4901301364029,4901301364029,Có,185000,200000,195000,320000,200000,205000,Tuýp,185000,0,185000,1,185000,1,185000,0,185000,0
4289-KCN Biore Watery Essence 85g,Sản phẩm thường,KCN - Nước hoa,4901301364289,4901301364289,Có,170000,190000,185000,250000,190000,195000,tuýp,170000,9,170000,4,170000,3,170000,0,170000,0
4902-Gel chống nắng cho bé hình gấu 100g,Sản phẩm thường,KCN - Nước hoa,4901433074902,4901433074902,Có,140000,165000,160000,220000,165000,170000,chai,140000,0,140000,0,140000,0,140000,0,140000,0
9294-Xịt chống nắng Fracora White'st 60g,Sản phẩm thường,KCN - Nước hoa,4901503849294,4901503849294,Có,500000,520000,520000,650000,520000,525000,Chai,500000,0,500000,1,500000,1,500000,0,500000,0
Kem chống nắng SHiseido + tặng,Sản phẩm thường,KCN - Nước hoa,4901872034093,4901872034093,Có,310000,370000,370000,400000,370000,410000,tuýp,310000,0,310000,0,310000,0,310000,0,310000,0
Kem chống nắng Anessa chai vàng,Sản phẩm thường,KCN - Nước hoa,4901872036509,4901872036509,Có,400000,450000,450000,600000,450000,460000,tuýp,400000,0,400000,0,400000,0,400000,0,400000,0
kem chống nắng Anessa vàng 25ml,Sản phẩm thường,KCN - Nước hoa,4901872036516,4901872036516,Có,175000,190000,190000,300000,190000,195000,tuýp,175000,0,175000,0,175000,0,175000,0,175000,0
Kem chống nắng Shiseido Anessa xanh chai,Sản phẩm thường,KCN - Nước hoa,4901872036523,4901872036523,Có,400000,415000,415000,600000,415000,420000,tuýp,400000,0,400000,0,400000,0,400000,0,400000,0
kem chống nắng Anessa chai  trắng 25ml,Sản phẩm thường,KCN - Nước hoa,4901872036530,4901872036530,Có,200000,230000,230000,300000,230000,220000,tuýp,200000,0,200000,0,200000,0,200000,0,200000,0
Kem chống nắng anesa vàng tuýp nhỏ 40g,Sản phẩm thường,KCN - Nước hoa,4901872036547,4901872036547,Có,250000,270000,270000,350000,270000,275000,tuýp,250000,0,250000,0,250000,0,250000,0,250000,0
Kem chống nắng Anesa tuýp 40g nhỏ trắng,Sản phẩm thường,KCN - Nước hoa,4901872036554,4901872036554,Có,250000,290000,290000,350000,290000,300000,tuýp,250000,0,250000,0,250000,0,250000,0,250000,0
Xịt chống nắng màu vàng cho da khô Anesa 60g,Sản phẩm thường,KCN - Nước hoa,4901872036820,4901872036820,Có,380000,400000,400000,500000,400000,400000,tuýp,380000,0,380000,0,380000,0,380000,0,380000,0
Kem chống nắng Anessa trắng  + tặng 60ml,Sản phẩm thường,KCN - Nước hoa,4901872050833,4901872050833,Có,380000,400000,400000,450000,400000,400000,Tuýp,380000,0,380000,0,380000,0,380000,0,380000,0
Kem chống nắng Anessa trắng + Tặng 60ml,Sản phẩm thường,KCN - Nước hoa,4901872060030,4901872060030,Có,380000,400000,400000,450000,400000,400000,Tuýp,380000,0,380000,0,380000,0,380000,0,380000,0
Kem chống nắng Anessa trắng gel 40g,Sản phẩm thường,KCN - Nước hoa,4901872063062,4901872063062,Có,250000,260000,260000,350000,260000,265000,Tuýp,250000,0,250000,0,250000,0,250000,0,250000,0
KCN Anessa Perfect UV Milk SPF50+PA++++ 60ml,Sản phẩm thường,KCN - Nước hoa,4901872073696,4901872073696,Có,417000,430000,425000,550000,430000,435000,Chai,417000,1,417000,0,417000,2,417000,0,417000,0
Kem chống nắng Anessa vàng 20ml- da khô,Sản phẩm thường,KCN - Nước hoa,4901872073719,4901872073719,Có,190000,200000,200000,250000,200000,205000,Tuýp,190000,0,190000,0,190000,0,190000,0,190000,0
3220-Xịt chống nắng Anessa Perfect UV 60g,Sản phẩm thường,KCN - Nước hoa,4901872083220,4901872083220,Có,263333,280000,275000,370000,280000,285000,Chai,263333,0,263333,0,263333,0,263333,0,263333,0
KCN Anessa Perfect Mild vàng nhạy cảm 20ml,Sản phẩm thường,KCN - Nước hoa,4901872083367,4901872083367,Có,167442,175000,172000,250000,175000,180000,Chai,167442,0,167442,0,167442,0,167442,0,167442,0
KCN Anessa xanh nhạy cảm 60ml (Em bé & da nhạy cảm),Sản phẩm thường,KCN - Nước hoa,4901872083374,4901872083374,Có,352000,385000,380000,520000,385000,390000,Chai,352000,3,352000,5,352000,11,352000,0,352000,0
KCN Anessa xanh nhạy cảm 20ml (Em bé & da nhạy cảm),Sản phẩm thường,KCN - Nước hoa,4901872083381,4901872083381,Có,190000,205000,200000,250000,205000,210000,Chai,190000,0,190000,0,190000,3,190000,0,190000,0
KCN Anessa Milk vàng 20ml,Sản phẩm thường,KCN - Nước hoa,4901872089420,4901872089420,Có,192000,200000,200000,250000,200000,205000,tuyp ,192000,14,192000,7,192000,3,192000,0,192000,0
6879-KCN Anessa SPF 50+ 60ml,Sản phẩm thường,KCN - Nước hoa,4901872096879,4901872096879,Có,380000,410000,400000,600000,410000,415000,Tuýp,380000,0,380000,0,380000,0,380000,0,380000,0
KCN Anessa trắng nhạy cảm 60ml,Sản phẩm thường,KCN - Nước hoa,4901872096893,4901872096893,Có,190000,405000,400000,550000,405000,415000,Tuýp,190000,0,190000,0,190000,0,190000,0,190000,0
BB Base Anessa tone tự nhiên 25ml,Sản phẩm thường,KCN - Nước hoa,4901872097050,4901872097050,Có,170000,280000,280000,300000,280000,290000,Tuýp,170000,0,170000,0,170000,0,170000,0,170000,0
9245-KCN Anessa 60ml + BB Anessa 7.5ml,Sản phẩm thường,KCN - Nước hoa,4901872099245,4901872099245,Có,416667,430000,430000,600000,430000,440000,Cái,416667,0,416667,0,416667,0,416667,0,416667,0
BB Annesa 40,Sản phẩm thường,KCN - Nước hoa,4901872333349,4901872333349,Có,260000,270000,270000,350000,270000,280000,Chai,260000,0,260000,0,260000,0,260000,0,260000,0
KCN Anessa cho da mặt 35ml,Sản phẩm thường,KCN - Nước hoa,4901872334018,4901872334018,Có,350000,370000,400000,450000,370000,415000,tuýp,350000,0,350000,0,350000,0,350000,0,350000,0
Kem chống nắng Shiseido vàng,Sản phẩm thường,KCN - Nước hoa,4901872382828,4901872382828,Có,280000,400000,400000,400000,400000,410000,tuýp,280000,0,280000,0,280000,0,280000,0,280000,0
Kem chống nắng màu vàng nhỏ,Sản phẩm thường,KCN - Nước hoa,4901872382842,4901872382842,Có,140000,160000,160000,200000,160000,160000,tuýp,140000,0,140000,0,140000,0,140000,0,140000,0
Kem chống nắng shiseido tuýp 60g,Sản phẩm thường,KCN - Nước hoa,4901872382859,4901872382859,Có,250000,270000,270000,300000,270000,270000,tuýp,250000,0,250000,0,250000,0,250000,0,250000,0
Kem chống nắng Sheseido Chai,Sản phẩm thường,KCN - Nước hoa,4901872383399,4901872383399,Có,300000,370000,370000,380000,370000,410000,chai,300000,0,300000,0,300000,0,300000,0,300000,0
5249-Essence chống nắng Senka 50g,Sản phẩm thường,KCN - Nước hoa,4901872455249,4901872455249,Có,102000,107000,105000,150000,107000,110000,tuýp,102000,7,102000,6,102000,4,102000,0,102000,0
KCN Senka Perfect UV Milk,Sản phẩm thường,KCN - Nước hoa,4901872455393,4901872455393,Có,106250,115000,115000,150000,115000,120000,chai (36),106250,0,106250,0,106250,0,106250,0,106250,0
Kem chống nắng BB shiseido,Sản phẩm thường,KCN - Nước hoa,4901872525317,4901872525317,Có,252000,270000,270000,350000,270000,270000,tuýp,252000,0,252000,0,252000,0,252000,0,252000,0
Kem chống nắng Anessa hồng,Sản phẩm thường,KCN - Nước hoa,4901872667307,4901872667307,Có,250000,280000,280000,300000,280000,280000,tuýp,250000,0,250000,0,250000,0,250000,0,250000,0
Kem chống nắng Anessa shiseido loại 90g,Sản phẩm thường,KCN - Nước hoa,4901872673735,4901872673735,Có,280000,320000,320000,400000,320000,320000,tuýp,280000,0,280000,0,280000,0,280000,0,280000,0
Nước hoa Maquilage cho tóc,Sản phẩm thường,KCN - Nước hoa,4901872679706,4901872679706,Có,450000,500000,500000,700000,500000,500000,chai,450000,0,450000,0,450000,0,450000,0,450000,0
Kem chống nắng Shiseido 40ml UV50+,Sản phẩm thường,KCN - Nước hoa,4901872818952,4901872818952,Có,155000,160000,160000,200000,160000,165000,Chai,155000,0,155000,0,155000,0,155000,0,155000,0
3478-KCN Elixir Day care SPF50++,Sản phẩm thường,KCN - Nước hoa,4901872963478,4901872963478,Có,460000,490000,480000,600000,490000,500000,Tuýp,460000,2,460000,3,460000,3,460000,0,460000,0
KCN SENKA PERFECT UV GEL 80ml,Sản phẩm thường,KCN - Nước hoa,4909978701581,4909978701581,Có,127500,135000,132000,200000,135000,137000,chai (36),127500,38,127500,0,127500,0,127500,0,127500,0
1182-KCN Anessa trắng dạng gel 90g,Sản phẩm thường,KCN - Nước hoa,4909978971182,4909978971182,Có,352000,365000,360000,460000,365000,370000,Tuyp,352000,8,352000,5,352000,6,352000,0,352000,0
2387-KCN Anessa UV Sunscreen SPF50+60ml new,Sản phẩm thường,KCN - Nước hoa,4909978972387,4909978972387,Có,400000,445000,440000,600000,445000,450000,Tuýp,400000,10,400000,0,400000,0,400000,0,400000,0
2417-KCN Anessa Gel Vàng 90g,Sản phẩm thường,KCN - Nước hoa,4909978972417,4909978972417,Có,352000,365000,360000,460000,365000,370000,Tuýp,352000,11,352000,8,352000,5,352000,0,352000,0
2424-Xịt chống nắng Anessa 60g new,Sản phẩm thường,KCN - Nước hoa,4909978972424,4909978972424,Có,278400,305000,300000,400000,305000,310000,Chai,278400,9,278400,6,278400,6,278400,0,278400,0
BB Base Anessa SPF50+  tone sáng 25ml,Sản phẩm thường,KCN - Nước hoa,4909978973032,4909978973032,Có,240000,285000,280000,350000,285000,290000,Chai,240000,7,240000,8,240000,4,240000,0,240000,0
5173-KCN Anessa Perfect Mild vàng nhạy cảm 60ml,Sản phẩm thường,KCN - Nước hoa,4909978975173,4909978975173,Có,438400,455000,450000,550000,455000,460000,Chai,438400,5,438400,3,438400,6,438400,0,438400,0
Kem chống nắng Kose,Sản phẩm thường,KCN - Nước hoa,4971710033892,4971710033892,Có,95000,130000,130000,200000,130000,130000,tuýp,95000,0,95000,0,95000,0,95000,0,95000,0
Kem chống nắng Kose,Sản phẩm thường,KCN - Nước hoa,4971710033908,4971710033908,Có,120000,165000,165000,200000,165000,165000,tuýp,120000,0,120000,0,120000,0,120000,0,120000,0
BB Kose số 01,Sản phẩm thường,KCN - Nước hoa,4971710033915,4971710033915,Có,135000,170000,170000,250000,170000,170000,Hộp,135000,0,135000,0,135000,0,135000,0,135000,0
BB Kose Sekisui 01,Sản phẩm thường,KCN - Nước hoa,4971710033922,4971710033922,Có,156250,190000,190000,250000,190000,190000,tuýp,156250,0,156250,0,156250,0,156250,0,156250,0
BB Kose 01,Sản phẩm thường,KCN - Nước hoa,4971710251906,4971710251906,Có,260000,315000,315000,400000,315000,320000,tuýp,260000,0,260000,0,260000,0,260000,0,260000,0
BB Kose số 2,Sản phẩm thường,KCN - Nước hoa,4971710251913,4971710251913,Có,250000,315000,315000,400000,315000,320000,tuýp,250000,0,250000,0,250000,0,250000,0,250000,0
Chống nắng Kose  tuýp 80g,Sản phẩm thường,KCN - Nước hoa,4971710254679,4971710254679,Có,470000,520000,520000,600000,520000,540000,Hộp,470000,0,470000,0,470000,0,470000,0,470000,0
Chống nắng Kose ( chai) 60g,Sản phẩm thường,KCN - Nước hoa,4971710254686,4971710254686,Có,470000,550000,550000,600000,550000,550000,chai,470000,0,470000,0,470000,0,470000,0,470000,0
Kem chống nắng Kose,Sản phẩm thường,KCN - Nước hoa,4971710255058,4971710255058,Có,200000,210000,210000,300000,210000,2150,tuýp,200000,0,200000,0,200000,0,200000,0,200000,0
Kem chống nắng Kose 35g,Sản phẩm thường,KCN - Nước hoa,4971710255072,4971710255072,Có,200000,200000,200000,300000,200000,200000,tuýp,200000,0,200000,0,200000,0,200000,0,200000,0
Kem chống nắng Kose tuýp 80g + tặng,Sản phẩm thường,KCN - Nước hoa,4971710255201,4971710255201,Có,270000,300000,300000,400000,300000,300000,tuýp,270000,0,270000,0,270000,0,270000,0,270000,0
BB Kose số 01,Sản phẩm thường,KCN - Nước hoa,4971710258318,4971710258318,Có,360000,380000,370000,500000,380000,390000,Hộp,360000,3,360000,0,360000,2,360000,0,360000,0
BB Kose số 2,Sản phẩm thường,KCN - Nước hoa,4971710258325,4971710258325,Có,360000,380000,370000,500000,380000,390000,tuýp,360000,2,360000,0,360000,2,360000,0,360000,0
Kem chống nắng Kose,Sản phẩm thường,KCN - Nước hoa,4971710260434,4971710260434,Có,300000,340000,340000,550000,340000,340000,hộp,300000,0,300000,0,300000,0,300000,0,300000,0
1400-CC kose số 01,Sản phẩm thường,KCN - Nước hoa,4971710261400,4971710261400,Có,460000,495000,490000,680000,495000,500000,Tuýp,460000,7,460000,0,460000,4,460000,0,460000,0
CC kose số 02,Sản phẩm thường,KCN - Nước hoa,4971710261417,4971710261417,Có,460000,495000,490000,680000,495000,500000,tuýp,460000,4,460000,1,460000,1,460000,0,460000,0
Kem chống nắng Kose dạng chai + tặng 60g,Sản phẩm thường,KCN - Nước hoa,4971710267129,4971710267129,Có,420000,560000,560000,700000,560000,570000,Chai,420000,0,420000,0,420000,0,420000,0,420000,0
Kem chống nắng Kose dạng tuýp + tặng 80g,Sản phẩm thường,KCN - Nước hoa,4971710267136,4971710267136,Có,470000,495000,495000,650000,495000,550000,Tuýp,470000,0,470000,0,470000,0,470000,0,470000,0
CC Kose số 01 + có tặng ,Sản phẩm thường,KCN - Nước hoa,4971710267426,4971710267426,Có,617000,670000,670000,750000,670000,680000,Tuýp,617000,0,617000,0,617000,0,617000,0,617000,0
CC Kose số 02 + có tặng ,Sản phẩm thường,KCN - Nước hoa,4971710267433,4971710267433,Có,480000,670000,670000,750000,670000,680000,Tuýp,480000,0,480000,0,480000,0,480000,0,480000,0
2574-Set Kose Sekkisei White UV Emulsion 35g+7g,Sản phẩm thường,KCN - Nước hoa,4971710272574,4971710272574,Có,480000,510000,510000,700000,510000,530000,set,480000,0,480000,0,480000,0,480000,0,480000,0
2581-Kose Sekkisei White UV Emulsion 20g,Sản phẩm thường,KCN - Nước hoa,4971710272581,4971710272581,Có,250000,310000,310000,400000,310000,320000,Tuýp,250000,0,250000,0,250000,0,250000,0,250000,0
2734-KCN Kose White UV Milk 25g,Sản phẩm thường,KCN - Nước hoa,4971710272734,4971710272734,Có,215000,230000,230000,300000,230000,235000,Tuyp,215000,0,215000,0,215000,0,215000,0,215000,0
Kem chống nắng Kose Gel,Sản phẩm thường,KCN - Nước hoa,4971710272741,4971710272741,Có,400000,410000,405000,600000,410000,420000,Tuýp,400000,1,400000,0,400000,5,400000,0,400000,0
KCN Kose gel 35g,Sản phẩm thường,KCN - Nước hoa,4971710272758,4971710272758,Có,225000,250000,250000,300000,250000,255000,tuýp,225000,0,225000,0,225000,0,225000,0,225000,0
Kem chống nắng Kose Milk 24ml,Sản phẩm thường,KCN - Nước hoa,4971710272765,4971710272765,Có,485000,495000,495000,650000,495000,550000,tuýp,485000,0,485000,0,485000,0,485000,0,485000,0
9108-Set KCN Kose Milk+hoa hồng 60g,Sản phẩm thường,KCN - Nước hoa,4971710279108,4971710279108,Có,455000,490000,485000,600000,490000,495000,Set,455000,0,455000,0,455000,0,455000,0,455000,0
9115-KCN Kose Gel 80g + hh Kose 20ml ,Sản phẩm thường,KCN - Nước hoa,4971710279115,4971710279115,Có,410000,460000,455000,600000,460000,465000,Set,410000,0,410000,0,410000,0,410000,0,410000,0
KCN Kose Sekkisei White UV Milk 60g,Sản phẩm thường,KCN - Nước hoa,4971710286014,4971710286014,Có,470000,495000,485000,600000,495000,500000,tuýp,470000,3,470000,0,470000,2,470000,0,470000,0
6021-KCN Kose Gel 90g ,Sản phẩm thường,KCN - Nước hoa,4971710286021,4971710286021,Có,360000,460000,455000,550000,460000,465000,Tuýp,360000,2,360000,0,360000,1,360000,0,360000,0
6045-KCN Kose Gel 40g ,Sản phẩm thường,KCN - Nước hoa,4971710286045,4971710286045,Có,130000,145000,140000,220000,145000,150000,Tuýp,130000,0,130000,0,130000,0,130000,0,130000,0
6076-KCN Kose milk UV Sekkisei 60g + hh 24ml,Sản phẩm thường,KCN - Nước hoa,4971710286076,4971710286076,Có,515000,530000,525000,650000,530000,535000,Tuýp,515000,0,515000,0,515000,2,515000,0,515000,0
3232-KCN Suncut SPF50+ 80g,Sản phẩm thường,KCN - Nước hoa,4971710383232,4971710383232,Có,160000,180000,180000,300000,180000,180000,Tuýp,160000,0,160000,0,160000,0,160000,0,160000,0
Sữa rửa mặt Kose Aqua Renew,Sản phẩm thường,KCN - Nước hoa,4971710383836,4971710383836,Có,85000,90000,90000,140000,90000,90000,tuýp,85000,0,85000,0,85000,0,85000,0,85000,0
Kem chống nắng Kose vàng,Sản phẩm thường,KCN - Nước hoa,4971710387056,4971710387056,Có,130000,220000,220000,300000,220000,220000,Chai,130000,0,130000,0,130000,0,130000,0,130000,0
8596-Xịt CN Kose SunCut Super Water Proof 50g ,Sản phẩm thường,KCN - Nước hoa,4971710388596,4971710388596,Có,135000,145000,145000,220000,145000,150000,Chai,135000,0,135000,0,135000,2,135000,0,135000,0
8602-KCN Kose Super Water Proof 80ml,Sản phẩm thường,KCN - Nước hoa,4971710388602,4971710388602,Có,135000,160000,155000,250000,160000,165000,tuýp,135000,0,135000,0,135000,1,135000,0,135000,0
0964-KCN Kose Gel Super Water Proof vàng 100g,Sản phẩm thường,KCN - Nước hoa,4971710390964,4971710390964,Có,135000,160000,155000,250000,160000,165000,Tuýp,135000,0,135000,0,135000,0,135000,0,135000,0
0971-KCN Mimine Suncut SPF50+ 60g,Sản phẩm thường,KCN - Nước hoa,4971710390971,4971710390971,Có,145000,155000,155000,250000,155000,160000,Tuýp,145000,0,145000,0,145000,0,145000,0,145000,0
KCN dạng xịt Suncut cho da thường 60g,Sản phẩm thường,KCN - Nước hoa,4971710391206,4971710391206,Có,135000,145000,145000,220000,145000,150000,Chai,135000,4,135000,0,135000,0,135000,0,135000,0
Kem BB Kose Grace One 01,Sản phẩm thường,KCN - Nước hoa,4971710391213,4971710391213,Có,220000,235000,235000,350000,235000,245000,tuýp,220000,0,220000,0,220000,0,220000,0,220000,0
Kem BB Kose Grace One 02,Sản phẩm thường,KCN - Nước hoa,4971710391220,4971710391220,Có,220000,235000,235000,300000,235000,245000,tuýp,220000,0,220000,0,220000,2,220000,0,220000,0
3194-KCN công chúa tóc vàng Suncut SPF50+,Sản phẩm thường,KCN - Nước hoa,4971710393194,4971710393194,Có,145000,155000,155000,250000,155000,160000,Tuýp,145000,0,145000,0,145000,0,145000,0,145000,0
3200-KCN tiên cá Suncut SPF50+ 100g,Sản phẩm thường,KCN - Nước hoa,4971710393200,4971710393200,Có,145000,155000,155000,250000,155000,160000,Tuýp,145000,0,145000,0,145000,0,145000,0,145000,0
3217-KCN công chúa tím Suncut SPF 50+,Sản phẩm thường,KCN - Nước hoa,4971710393217,4971710393217,Có,145000,155000,155000,250000,155000,160000,Tuýp,145000,0,145000,0,145000,0,145000,0,145000,0
KCN dạng xịt Kose Vàng Suncut SPF 50++ ,Sản phẩm thường,KCN - Nước hoa,4971710393231,4971710393231,Có,135000,145000,145000,220000,145000,155000,Chai,135000,7,135000,0,135000,2,135000,0,135000,0
3699-KCN xịt Suncut trắng SPF50++ 60g,Sản phẩm thường,KCN - Nước hoa,4971710393699,4971710393699,Có,135000,145000,145000,220000,145000,150000,Chai,135000,7,135000,0,135000,1,135000,0,135000,0
BB Kose số 01,Sản phẩm thường,KCN - Nước hoa,4971710441574,4971710441574,Có,130000,150000,150000,200000,150000,155000,hộp,130000,0,130000,0,130000,0,130000,0,130000,0
BB Kose số 02,Sản phẩm thường,KCN - Nước hoa,4971710441581,4971710441581,Có,130000,150000,150000,200000,150000,150000,tuýp,130000,0,130000,0,130000,0,130000,0,130000,0
8139-BB Kose Sekkisei tone 01 màu sáng,Sản phẩm thường,KCN - Nước hoa,4971710448139,4971710448139,Có,310000,325000,320000,450000,325000,330000,Tuýp,310000,6,310000,0,310000,0,310000,0,310000,0
8146-BB Kose tone số 02 màu tự nhiên,Sản phẩm thường,KCN - Nước hoa,4971710448146,4971710448146,Có,310000,320000,315000,450000,320000,325000,Tuýp,310000,1,310000,0,310000,0,310000,0,310000,0
4337-Kose Sekkisei White CC Cream tone (01) 30g,Sản phẩm thường,KCN - Nước hoa,4971710464337,4971710464337,Có,365000,380000,375000,600000,380000,385000,Tuýp,365000,0,365000,0,365000,0,365000,0,365000,0
4344-Kose Sekkisei White CC Cream tone tự nhiên (02)30g,Sản phẩm thường,KCN - Nước hoa,4971710464344,4971710464344,Có,365000,380000,375000,600000,380000,385000,Tuýp,365000,0,365000,0,365000,0,365000,0,365000,0
KCN Kose vàng chai cứng 50ml,Sản phẩm thường,KCN - Nước hoa,4971710464351,4971710464351,Có,193000,250000,250000,300000,250000,255000,tuýp,193000,0,193000,0,193000,0,193000,0,193000,0
Kem chống nắng Kose chai cứng,Sản phẩm thường,KCN - Nước hoa,4971710464375,4971710464375,Có,190000,240000,240000,350000,240000,240000,tuýp,190000,0,190000,0,190000,0,190000,0,190000,0
Kem chống nắng Kose ( Tuýp ) 60g dạng Gel,Sản phẩm thường,KCN - Nước hoa,4971710464399,4971710464399,Có,190000,230000,230000,300000,230000,230000,tuýp,190000,0,190000,0,190000,0,190000,0,190000,0
0970-KCN Kose SportBeauty Super Hard SPF50+ 50ml,Sản phẩm thường,KCN - Nước hoa,4971710470970,4971710470970,Có,200000,250000,250000,400000,250000,255000,Chai,200000,0,200000,0,200000,0,200000,0,200000,0
Kem chống nắng kose Sport 20ml,Sản phẩm thường,KCN - Nước hoa,4971710470987,4971710470987,Có,115000,125000,125000,200000,125000,130000,chai,115000,0,115000,0,115000,0,115000,0,115000,0
0994-KCN Kose SportsBeauty SPF50+ 60g,Sản phẩm thường,KCN - Nước hoa,4971710470994,4971710470994,Có,200000,220000,220000,300000,220000,225000,Tuýp,200000,0,200000,0,200000,0,200000,0,200000,0
1007-KCN Kose Sports Beauty Gel 25ml,Sản phẩm thường,KCN - Nước hoa,4971710471007,4971710471007,Có,80000,90000,90000,160000,90000,95000,Tuýp,80000,0,80000,0,80000,0,80000,0,80000,0
1014-KCN Kose SportsBeauty Super Smooth SPF50+ 50ml,Sản phẩm thường,KCN - Nước hoa,4971710471014,4971710471014,Có,200000,210000,210000,400000,210000,220000,Chai,200000,0,200000,0,200000,0,200000,0,200000,0
Kem chống nắng Kose Sports 20ml,Sản phẩm thường,KCN - Nước hoa,4971710471038,4971710471038,Có,80000,90000,90000,130000,90000,90000,Chai,80000,0,80000,0,80000,0,80000,0,80000,0
2400-KCN Kose SportsBeauty Super Smooth SPF50+ + tặng,Sản phẩm thường,KCN - Nước hoa,4971710472400,4971710472400,Có,200000,210000,210000,400000,210000,220000,Set,200000,0,200000,0,200000,0,200000,0,200000,0
Kem chống nắng Kose sport tuýp,Sản phẩm thường,KCN - Nước hoa,4971710479706,4971710479706,Có,230000,250000,250000,400000,250000,250000,Tuýp,230000,0,230000,0,230000,0,230000,0,230000,0
Kem chống nắng Kose sport tuýp 25g,Sản phẩm thường,KCN - Nước hoa,4971710479713,4971710479713,Có,115000,125000,125000,200000,125000,130000,tuýp,115000,0,115000,0,115000,0,115000,0,115000,0
KCN Kose White UV Milk 60g,Sản phẩm thường,KCN - Nước hoa,4971710479997,4971710479997,Có,440000,455000,450000,650000,455000,460000,tuýp,440000,0,440000,0,440000,0,440000,0,440000,0
KCN Kose Sport Beauty SPF50++ 60ml,Sản phẩm thường,KCN - Nước hoa,4971710491388,4971710491388,Có,300000,320000,320000,400000,320000,330000,Tuýp,300000,0,300000,0,300000,0,300000,0,300000,0
1401-KCN Kose Sport Beauty Gel 90g,Sản phẩm thường,KCN - Nước hoa,4971710491401,4971710491401,Có,250000,270000,265000,400000,270000,280000,tuýp,250000,0,250000,0,250000,3,250000,0,250000,0
Kem chống nắng Allie (chai) 60ml trắng,Sản phẩm thường,KCN - Nước hoa,4973167140093,4973167140093,Có,320000,340000,340000,450000,340000,345000,tuýp,320000,0,320000,0,320000,0,320000,0,320000,0
Kem chống nắng Lissage ,Sản phẩm thường,KCN - Nước hoa,4973167251201,4973167251201,Có,350000,360000,360000,450000,360000,370000,Tuýp,350000,0,350000,0,350000,0,350000,0,350000,0
8796-KCN Allie Gel xanh 90g,Sản phẩm thường,KCN - Nước hoa,4973167278796,4973167278796,Có,280000,325000,325000,450000,325000,330000,Tuýp,280000,0,280000,0,280000,3,280000,0,280000,0
Kem chống nắng Allie GEL 40g,Sản phẩm thường,KCN - Nước hoa,4973167278826,4973167278826,Có,180000,185000,185000,250000,185000,190000,Tuýp,180000,4,180000,1,180000,3,180000,0,180000,0
8833-KCN Allie 60g Gel hồng,Sản phẩm thường,KCN - Nước hoa,4973167278833,4973167278833,Có,265000,290000,280000,400000,290000,300000,Tuýp,265000,10,265000,6,265000,3,265000,0,265000,0
8840-KCN Allie SPF 50++ Gel 25g,Sản phẩm thường,KCN - Nước hoa,4973167278840,4973167278840,Có,140000,155000,150000,220000,155000,160000,Tuýp,140000,1,140000,0,140000,0,140000,0,140000,0
Kem chống nắng Allie (chai) vàng 60g,Sản phẩm thường,KCN - Nước hoa,4973167278871,4973167278871,Có,290000,340000,310000,450000,340000,345000,chai,290000,0,290000,0,290000,0,290000,0,290000,0
Kem chống nắng Allie xanh 90g+15g,Sản phẩm thường,KCN - Nước hoa,4973167285237,4973167285237,Có,320000,345000,345000,450000,345000,350000,tuýp,320000,0,320000,0,320000,0,320000,0,320000,0
Kem Chống Nắng Allie vàng (chai+ tặng),Sản phẩm thường,KCN - Nước hoa,4973167292778,4973167292778,Có,320000,345000,345000,480000,345000,350000,tuýp,320000,0,320000,0,320000,0,320000,0,320000,0
6645-Kem chống nắng Allie Gel 90g +BB Gel 8g,Sản phẩm thường,KCN - Nước hoa,4973167376645,4973167376645,Có,280000,295000,295000,450000,295000,305000,Set,280000,0,280000,0,280000,0,280000,0,280000,0
5159-KCN Allie Extra Gel 60g,Sản phẩm thường,KCN - Nước hoa,4973167385159,4973167385159,Có,265000,290000,280000,400000,290000,300000,Tuýp,265000,11,265000,4,265000,2,265000,0,265000,0
5302-KCN Allie Extra Gel hoa anh đào 60g,Sản phẩm thường,KCN - Nước hoa,4973167385302,4973167385302,Có,230000,250000,250000,350000,250000,255000,Tuýp,230000,0,230000,0,230000,0,230000,0,230000,0
Kem chống nắng Kanebo 90g+,Sản phẩm thường,KCN - Nước hoa,4973167590836,4973167590836,Có,270000,280000,280000,350000,280000,280000,tuýp,270000,0,270000,0,270000,0,270000,0,270000,0
Kem chống nắng Kanebo 25g,Sản phẩm thường,KCN - Nước hoa,4973167590850,4973167590850,Có,105000,130000,130000,170000,130000,130000,tuýp,105000,0,105000,0,105000,0,105000,0,105000,0
Kem chống nắng Kanebo 25g hồng,Sản phẩm thường,KCN - Nước hoa,4973167590898,4973167590898,Có,120000,140000,140000,170000,140000,140000,tuýp,120000,0,120000,0,120000,0,120000,0,120000,0
Kem chống nắng Allie chai 60ml xanh,Sản phẩm thường,KCN - Nước hoa,4973167590911,4973167590911,Có,320000,340000,340000,450000,340000,345000,tuýp,320000,0,320000,0,320000,0,320000,0,320000,0
Kem chống nắng Kanebo 25ml,Sản phẩm thường,KCN - Nước hoa,4973167590935,4973167590935,Có,140000,180000,180000,200000,180000,180000,tuýp,140000,0,140000,0,140000,0,140000,0,140000,0
Kem chống nắng trắng da Kanebo,Sản phẩm thường,KCN - Nước hoa,4973167592076,4973167592076,Có,250000,280000,280000,350000,280000,280000,tuýp,250000,0,250000,0,250000,0,250000,0,250000,0
Kem chống nắng Kanebo 90g,Sản phẩm thường,KCN - Nước hoa,4973167639870,4973167639870,Có,250000,280000,280000,350000,280000,280000,tuýp,250000,0,250000,0,250000,0,250000,0,250000,0
Kem chống nắng Kanebo 90g,Sản phẩm thường,KCN - Nước hoa,4973167663431,4973167663431,Có,270000,280000,280000,350000,280000,285000,Hộp,270000,0,270000,0,270000,0,270000,0,270000,0
Kem chống nắng Kanebo 40g,Sản phẩm thường,KCN - Nước hoa,4973167663516,4973167663516,Có,130000,180000,180000,200000,180000,185000,tuýp,130000,0,130000,0,130000,0,130000,0,130000,0
0306-KCN Allie Bright white 60g,Sản phẩm thường,KCN - Nước hoa,4973167910306,4973167910306,Có,265000,290000,280000,400000,290000,300000,Tuýp,265000,9,265000,5,265000,0,265000,0,265000,0
0320-KCN Allie Rose Chaire 60g,Sản phẩm thường,KCN - Nước hoa,4973167910320,4973167910320,Có,265000,290000,280000,400000,290000,300000,Tuýp,265000,8,265000,5,265000,2,265000,0,265000,0
0344-KCN Allie Lucent Breeze 60g,Sản phẩm thường,KCN - Nước hoa,4973167910344,4973167910344,Có,265000,290000,280000,400000,290000,300000,Tuýp,265000,2,265000,0,265000,0,265000,0,265000,0
0368-KCN Allie Sakura 60g,Sản phẩm thường,KCN - Nước hoa,4973167910368,4973167910368,Có,265000,290000,280000,400000,290000,300000,Tuýp,265000,2,265000,0,265000,0,265000,0,265000,0
KCN em bé Sun Bears hương Bưởi,Sản phẩm thường,KCN - Nước hoa,4987036533206,4987036533206,Có,60000,65000,65000,100000,65000,70000,chai,60000,0,60000,0,60000,6,60000,0,60000,0
KCN em bé Sun Bears xanh (hương Cam),Sản phẩm thường,KCN - Nước hoa,4987036533305,4987036533305,Có,45000,65000,65000,100000,65000,70000,chai,45000,0,45000,3,45000,1,45000,0,45000,0
9385-KCN Sunplay SPF50+ đỏ 30g,Sản phẩm thường,KCN - Nước hoa,4987241139385,4987241139385,Có,55000,60000,60000,100000,60000,62000,Tuýp,55000,0,55000,0,55000,0,55000,0,55000,0
9392-KCN Sunplay SPF50+ xanh 30g,Sản phẩm thường,KCN - Nước hoa,4987241139392,4987241139392,Có,55000,60000,60000,100000,60000,62000,Tuýp,55000,0,55000,0,55000,0,55000,0,55000,0
Kem chống nắng Skin Aqua,Sản phẩm thường,KCN - Nước hoa,4987241145454,4987241145454,Có,246000,260000,260000,300000,260000,265000,Chai,246000,8,246000,0,246000,1,246000,0,246000,0
5478-KCN Rohto Skin Aqua UV Super Moisture Essense SPF 50+/PA++++ 80g,Sản phẩm thường,KCN - Nước hoa,4987241145478,4987241145478,Có,140000,210000,210000,300000,210000,215000,Tuýp,140000,1,140000,0,140000,2,140000,0,140000,0
6314-KCN Skin Aqua SPF35+ 110g,Sản phẩm thường,KCN - Nước hoa,4987241146314,4987241146314,Có,140000,150000,145000,220000,150000,155000,Tuýp,140000,0,140000,0,140000,1,140000,0,140000,0
8424-Kem nền BB Foundation SPF32 PA+++ 45g tone 2,Sản phẩm thường,KCN - Nước hoa,4987241148424,4987241148424,Có,180000,195000,195000,300000,195000,200000,Tuýp,180000,0,180000,0,180000,0,180000,0,180000,0
Kem lót sugao vàng ,Sản phẩm thường,KCN - Nước hoa,4987241150830,4987241150830,Có,150000,160000,160000,250000,160000,165000,tuýp,150000,3,150000,2,150000,0,150000,0,150000,0
Kem lót sugao xanh ,Sản phẩm thường,KCN - Nước hoa,4987241150847,4987241150847,Có,150000,160000,160000,250000,160000,165000,tuýp,150000,2,150000,4,150000,0,150000,0,150000,0
7365-CC sugao xanh,Sản phẩm thường,KCN - Nước hoa,4987241157365,4987241157365,Có,190000,200000,200000,280000,200000,205000,tuýp,190000,0,190000,0,190000,0,190000,0,190000,0
Base Sugao xanh ,Sản phẩm thường,KCN - Nước hoa,4987241157372,4987241157372,Có,140000,150000,150000,250000,150000,155000,Chai,140000,0,140000,0,140000,0,140000,0,140000,0
7747-KCN Skin Aqua UV Oil (Water Magic) 50ml,Sản phẩm thường,KCN - Nước hoa,4987241157747,4987241157747,Có,130000,145000,145000,250000,145000,150000,Tuýp,130000,4,130000,0,130000,0,130000,0,130000,0
7754-KCN Skin Aqua Tone Up UV Essence lavender 80g,Sản phẩm thường,KCN - Nước hoa,4987241157754,4987241157754,Có,150000,170000,165000,250000,170000,175000,tuýp,150000,1,150000,8,150000,6,150000,0,150000,0
7761-Xịt chống nắng Skin Aqua Tone Up Spray 70g,Sản phẩm thường,KCN - Nước hoa,4987241157761,4987241157761,Có,150000,175000,170000,250000,175000,180000,Chai,150000,7,150000,5,150000,4,150000,0,150000,0
2130-KCN Skin Aqua Tone Up UV Essence mint 80g,Sản phẩm thường,KCN - Nước hoa,4987241162130,4987241162130,Có,150000,175000,160000,250000,175000,180000,tuýp,150000,13,150000,4,150000,7,150000,0,150000,0
2413-CC sugao trắng nắp hồng tone 2,Sản phẩm thường,KCN - Nước hoa,4987241162413,4987241162413,Có,190000,205000,200000,280000,205000,210000,Tuýp,190000,8,190000,0,190000,0,190000,0,190000,0
2468-CC Sugao xám nắp hồng tone tự nhiên,Sản phẩm thường,KCN - Nước hoa,4987241162468,4987241162468,Có,190000,205000,200000,280000,205000,210000,Tuýp,190000,7,190000,0,190000,0,190000,0,190000,0
4905-KCN Skin Aqua Milk 40ml,Sản phẩm thường,KCN - Nước hoa,4987241164905,4987241164905,Có,127000,150000,145000,220000,150000,155000,Tuýp,127000,8,127000,8,127000,7,127000,0,127000,0
Kem chống nắng Shiseido Sunmedic 50ml EX,Sản phẩm thường,KCN - Nước hoa,4987415057811,4987415057811,Có,260000,275000,275000,350000,275000,285000,Chai,260000,17,260000,1,260000,4,260000,0,260000,0
Kem chống nắng Shiseido Sunmedic 50ml EX,Sản phẩm thường,KCN - Nước hoa,4987415089409,4987415089409,Có,220000,275000,275000,350000,275000,285000,Chai,220000,3,220000,4,220000,5,220000,0,220000,0
Kem chống nắng trắng da Shiseido S,Sản phẩm thường,KCN - Nước hoa,4987415272504,4987415272504,Có,265000,290000,290000,400000,290000,300000,tuýp,265000,0,265000,0,265000,0,265000,0,265000,0
BB shiseodo 50++,Sản phẩm thường,KCN - Nước hoa,4987415311722,4987415311722,Có,240000,290000,290000,400000,290000,290000,tuýp,240000,0,240000,0,240000,0,240000,0,240000,0
Chống nắng SHiseido 50+,Sản phẩm thường,KCN - Nước hoa,4987415671604,4987415671604,Có,252000,270000,270000,350000,270000,275000,tuýp,252000,2,252000,2,252000,0,252000,0,252000,0
Kem chống nắng Shiseido,Sản phẩm thường,KCN - Nước hoa,4987415673707,4987415673707,Có,218000,370000,370000,400000,370000,410000,tuýp,218000,0,218000,0,218000,0,218000,0,218000,0
Kem chống nắng shiseido Sunmedic trắng,Sản phẩm thường,KCN - Nước hoa,4987415673714,4987415673714,Có,250000,300000,300000,400000,300000,270000,tuýp,250000,0,250000,0,250000,0,250000,0,250000,0
Kem chống nắng Sunmedic SSD,Sản phẩm thường,KCN - Nước hoa,4987415694511,4987415694511,Có,250000,290000,290000,400000,290000,300000,set,250000,0,250000,0,250000,0,250000,0,250000,0
Kem chống nắng SUnmedic ssd,Sản phẩm thường,KCN - Nước hoa,4987415694528,4987415694528,Có,250000,290000,290000,400000,290000,300000,Hộp,250000,0,250000,0,250000,0,250000,0,250000,0
Kem chống nắng Sunmedic BB SPF 50++ 30ml,Sản phẩm thường,KCN - Nước hoa,4987415957715,4987415957715,Có,250000,270000,270000,350000,270000,275000,Chai,250000,2,250000,0,250000,0,250000,0,250000,0
Nước hoa Dolce Gabbana Light Blue 100ml,Sản phẩm thường,KCN - Nước hoa,504286,504286,Có,1350,1700,1700,1950,1700,1700,chai,1350,0,1350,0,1350,0,1350,0,1350,0
Nước hoa Ronaldo,Sản phẩm thường,KCN - Nước hoa,5060152405943,5060152405943,Có,950000,1150,1150,1350,1150,1150,chai,950000,0,950000,0,950000,0,950000,0,950000,0
Kem chống nắng Biore,Sản phẩm thường,KCN - Nước hoa,60012,60012,Có,125000,130000,130000,170000,130000,135000,tuýp,125000,0,125000,0,125000,0,125000,0,125000,0
Nước hoa GUCCI rush 30ml,Sản phẩm thường,KCN - Nước hoa,6529765197,6529765197,Có,800000,1050,1050,1250,1050,1050,chai,800000,0,800000,0,800000,0,800000,0,800000,0
Nước hoa BVLGARI Pour Homme Soir,Sản phẩm thường,KCN - Nước hoa,6710421492,6710421492,Có,1100,1450,1450,1650,1450,1450,chai,1100,0,1100,0,1100,0,1100,0,1100,0
Nước hoa BVLGARI Pour Homme,Sản phẩm thường,KCN - Nước hoa,6790067702,6790067702,Có,1300,1500,1500,1750,1500,1500,chai,1300,0,1300,0,1300,0,1300,0,1300,0
Nước hoa BVLGARI Pour Homme 100ml,Sản phẩm thường,KCN - Nước hoa,6790131021,6790131021,Có,1100,1450,1450,1600,1450,1450,chai,1100,0,1100,0,1100,0,1100,0,1100,0
Nước hoa Chloe' 30ml,Sản phẩm thường,KCN - Nước hoa,688575201901,688575201901,Có,950000,1100,1100,1250,1100,1100,chai,950000,0,950000,0,950000,0,950000,0,950000,0
Kem chống nắng  Shiseido sum medic (H),Sản phẩm thường,KCN - Nước hoa,697925,697925,Có,250000,270000,270000,320000,270000,275000,Tuýp,250000,3,250000,1,250000,0,250000,0,250000,0
Nước hoa D&G,Sản phẩm thường,KCN - Nước hoa,7168509036,7168509036,Có,500000,600000,600000,700000,600000,600000,chai,500000,0,500000,0,500000,0,500000,0,500000,0
Nước hoa Dolce & Gabbana Light Blue 100 ml,Sản phẩm thường,KCN - Nước hoa,7202467643,7202467643,Có,1300,1700,1700,1950,1700,1700,chai,1300,0,1300,0,1300,0,1300,0,1300,0
Nước Hoa D&G Light Blue,Sản phẩm thường,KCN - Nước hoa,7203504286,7203504286,Có,1350,1600,1600,1950,1600,1600,chai,1350,0,1350,0,1350,0,1350,0,1350,0
8894-KCN Anessa Gel 32g SPF50++,Sản phẩm thường,KCN - Nước hoa,729238158894,729238158894,Có,122461,135000,130000,200000,135000,137000,Tuýp,122461,4,122461,2,122461,4,122461,0,122461,0
Xịt CN Body Anessa Perfect UV Sunscreen Bubble Spray SPF50+ PA++++ 60g,Sản phẩm thường,KCN - Nước hoa,729238162075,729238162075,Có,278400,305000,300000,420000,305000,310000,Chai,278400,9,278400,5,278400,4,278400,0,278400,0
Nước Hoa GUCCI Pour Homme 50 ml,Sản phẩm thường,KCN - Nước hoa,730870175903,730870175903,Có,800000,950000,900000,1100,950000,980000,chai,800000,0,800000,0,800000,0,800000,0,800000,0
Nước hoa Dolce & Gabbana 50ml,Sản phẩm thường,KCN - Nước hoa,737052036632,737052036632,Có,1450,1600,1600,1950,1600,1650,Hộp,1450,0,1450,0,1450,0,1450,0,1450,0
Nước hoa D&G,Sản phẩm thường,KCN - Nước hoa,737052074306,737052074306,Có,500000,650000,650000,750000,650000,650000,chai,500000,0,500000,0,500000,0,500000,0,500000,0
Nước hoa HUGO 40ml ,Sản phẩm thường,KCN - Nước hoa,737052465364,737052465364,Có,900000,1050,1050,1250,1050,1050,Hộp,900000,0,900000,0,900000,0,900000,0,900000,0
Nước hoa Gucci Flora Gracious 50ml,Sản phẩm thường,KCN - Nước hoa,737052522456,737052522456,Có,1100,1250,1250,1550,1250,1280,chai,1100,0,1100,0,1100,0,1100,0,1100,0
Nước hoa Nữ Gucci Flora Gracious Tuberose 50ml,Sản phẩm thường,KCN - Nước hoa,737052522630,737052522630,Có,1100,1250,1250,1550,1250,1300,chai,1100,0,1100,0,1100,0,1100,0,1100,0
Nước hoa Gucci Flora 50ml,Sản phẩm thường,KCN - Nước hoa,737052643496,737052643496,Có,1100,1250,1250,1550,1250,1300,chai,1100,0,1100,0,1100,0,1100,0,1100,0
Nước Hoa BVLGARI,Sản phẩm thường,KCN - Nước hoa,783320490026,783320490026,Có,1100,1350,1350,1600,1350,1400,Set,1100,0,1100,1,1100,1,1100,0,1100,0
Nước hoa BVLGARI OMNIA,Sản phẩm thường,KCN - Nước hoa,783320490118,783320490118,Có,1300,1650,1650,1950,1650,1650,chai,1300,0,1300,0,1300,0,1300,0,1300,0
Nước Hoa BVLGARI 100ml,Sản phẩm thường,KCN - Nước hoa,783320831508,783320831508,Có,750000,880000,880000,1100,880000,900000,Chai,750000,0,750000,0,750000,0,750000,0,750000,0
Nước hoa BLV 100ml Eau de toilette,Sản phẩm thường,KCN - Nước hoa,783320881596,783320881596,Có,800000,950000,950000,1250,950000,980000,Chai,800000,0,800000,0,800000,0,800000,0,800000,0
CC Sugao trắng,Sản phẩm thường,KCN - Nước hoa,835965,835965,Có,190000,200000,200000,280000,200000,205000,tuýp,190000,0,190000,0,190000,0,190000,0,190000,0
Nước hoa Valentino 50ml,Sản phẩm thường,KCN - Nước hoa,8411061747421,8411061747421,Có,1050,1200,1200,1500,1200,1250,Hộp,1050,0,1050,0,1050,0,1050,0,1050,0
Nước hoa Nam Prada 50ml,Sản phẩm thường,KCN - Nước hoa,8435137704248,8435137704248,Có,950000,1150,1150,1350,1150,1150,chai,950000,0,950000,0,950000,0,950000,0,950000,0